movie,year,gap,movieimg,id
Mama's Family,1983,-16,placeholder.gif,1
Hamlet,1948,-11,hamlet.gif,2
In Time,2011,-3,placeholder.gif,3
Munsters,1964,-1,munsters.gif,4
Golden Girls,1985,-1,placeholder.gif,5
Peggy Sue Got Married,1986,-1,placeholder.gif,6
Alexander,2004,-1,alexander.gif,7
The Entertainer,1960,0,placeholder.gif,8
Bye Bye Birde,1963,0,placeholder.gif,9
Tommy,1975,0,placeholder.gif,10
X-Files,1993,1,placeholder.gif,11
The Green Years,1946,2,greenyears.gif,12
The Manchurian Candidate,1962,3,manchurian.gif,13
Tommy,1975,3,placeholder.gif,14
Joey,2004,5,joey.gif,15
Star Trek,2009,6,startrek.gif,16
Blue Bloods,2010,6,placeholder.gif,17
North by Northwest,1959,7,northbynorthwest.gif,18
Ellen Burstyn Show,1986,7,placeholder.gif,19
Boyz n the Hood,1991,7,placeholder.gif,20
Mean Girls,2004,7,meangirls.gif,21
Boardwalk Empire,2010,8,boardwalk.gif,22
The Graduate,1967,9,graduate.gif,23
Wild,2014,9,wild.gif,24
Blue Hawaii,1961,10,bluehawaii.gif,25
Cool Hand Luke,1967,10,coolhandluke.gif,26
The Cosby Show,1984,10,cosby.gif,27
Fresh Prince of Bel Air,1990,10,placeholder.gif,28
Forest Gump,1994,10,placeholder.gif,29
The Fighter,2010,11,fighter.gif,30
Tammy,2014,11,tammy.gif,31
Indiana Jones and the Last Crusade,1989,12,indianjones.gif,32
Six Feet Under,2001,12,sixfeetunder.gif,33
Little Miss Sunshine,2006,12,littlemisssunshine.gif,34
American Pie,1999,13,americanpie.gif,35
One Tree Hill,2003,13,placeholder.gif,36
Tammy,2014,13,tammy2.gif,37
Beverly Hills 90210,1990,14,placeholder.gif,38
Gilmore Girls,2000,14,gilmoregirls.gif,39
Step Brothers,2008,14,stepbrothers.gif,40
Terminator: The Sarah Connor Chronicles,2008,14,placeholder.gif,41
Pretty Little Liars,2010,15,placeholder.gif,42
The Partridge Family,1970,16,placeholder.gif,43
Dirty Dancing,1987,16,placeholder.gif,44
Arrested Development,2003,16,arrested.gif,45
Carrie,1976,17,carrie.gif,46
Spykids,2001,17,spykids.gif,47
Gossip Girl,2007,17,placeholder.gif,48
Pretty Little Liars,2010,17,prettylittleliars.gif,49