movie,year,gap,movieimg
The Green Years,1946,2,greenyears.gif
Hamlet,1948,-11,hamlet.gif
North by Northwest,1959,7,northbynorthwest.gif
Blue Hawaii,1961,10,bluehawaii.gif
The Manchurian Candidate,1962,3,manchurian.gif
Bye Bye Birde,1963,0,birdie.gif
Cool Hand Luke,1967,10,coolhand.gif
The Graduate,1967,9,graduate.gif
Carrie,1976,17,carrie.gif
The Cosby Show,1984,10,cosby.gif
American Pie,1999,13,americanpie.gif
Six Feet Under,2001,12,sixfeetunder.gif
Spykids,2001,17,spykids.gif
Arrested Development,2003,16,arrested.gif
Alexander,2004,-1,alexander.gif
Joey,2004,5,joey.gif
Mean Girls,2004,7,meangirls.gif
Little Miss Sunshine,2006,12,sunshine.gif
Step Brothers,2008,14,stepbrothers.gif
Star Trek,2009,6,startrek.gif
Boardwalk Empire,2010,8,boardwalk.gif
Pretty Little Liars,2010,15,prettylittleliars.gif
The Fighter,2010,11,fighter.gif
Mom,2013,17,mom.gif
Wild,2014,9,wild.gif